{
  "name": "bootstrap-daterangepicker",
  "version": "1.3.21",
  "main": [
    "daterangepicker.js",
    "daterangepicker-bs3.css"
  ],
  "ignore": [
    "**/.*",
    "node_modules",
    "bower_components",
    "test",
    "tests",
    "moment.js",
    "moment.min.js"
  ],
  "dependencies": {
    "jquery": ">=1.10",
    "moment": "~2.9.0"
  },
  "homepage": "https://github.com/BreadMaker/semantic-ui-daterangepicker",
  "_release": "1.3.21",
  "_resolution": {
    "type": "version",
    "tag": "v1.3.21",
    "commit": "fe181d334604751238a576f448cc6b9db0ab7642"
  },
  "_source": "git://github.com/BreadMaker/semantic-ui-daterangepicker.git",
  "_target": "1.3.21",
  "_originalSource": "semantic-ui-daterangepicker"
}