{
  "name": "nouislider",
  "description": "A lightweight, highly customizable range slider without bloat. Touch support on all modern devices and responsive design ready!",
  "keywords": [
    "slider",
    "form",
    "range",
    "handles",
    "touch",
    "input",
    "slide"
  ],
  "main": [
    "distribute/nouislider.js",
    "distribute/nouislider.min.css"
  ],
  "ignore": [
    "**/.*",
    "**/*.json"
  ],
  "license": "http://www.wtfpl.net/about/",
  "homepage": "http://refreshless.com/nouislider/",
  "author": {
    "name": "Leon Gersen"
  },
  "version": "8.2.1",
  "_release": "8.2.1",
  "_resolution": {
    "type": "version",
    "tag": "8.2.1",
    "commit": "a92a6b3c68a175629ed149eeafff801a9f9b928c"
  },
  "_source": "git://github.com/leongersen/noUiSlider.git",
  "_target": "8.2.1",
  "_originalSource": "nouislider"
}