{
  "name": "vis",
  "version": "4.11.0",
  "main": [
    "dist/vis.min.js",
    "dist/vis.min.css"
  ],
  "description": "A dynamic, browser-based visualization library.",
  "homepage": "http://visjs.org/",
  "license": [
    "Apache-2.0",
    "MIT"
  ],
  "repository": {
    "type": "git",
    "url": "git://github.com/almende/vis.git"
  },
  "ignore": [
    "misc",
    "node_modules",
    "test",
    "tools",
    "lib",
    ".idea",
    ".npmignore",
    ".gitignore"
  ],
  "dependencies": {},
  "devDependencies": {},
  "_release": "4.11.0",
  "_resolution": {
    "type": "version",
    "tag": "v4.11.0",
    "commit": "36a859458d2e94c60c4b812198ba8856033532a5"
  },
  "_source": "git://github.com/almende/vis.git",
  "_target": "~4.11.0",
  "_originalSource": "vis",
  "_direct": true
}